SID,Grade,Selection 1,Selection 2,Selection 3,Selection 4,Selection 5
39277,10,2,34,37,12,26
32255,12,16,34,15,30,6
42610,9,15,34,11,16,6
35177,11,36,34,23,37,13
32991,12,26,34,2,12,13
39906,12,15,34,35,39,13
41330,9,15,34,41,43,13
35250,11,15,34,21,43,13
34047,12,15,34,35,4,37
34042,12,13,34,11,1,2
38828,10,15,34,43,26,17
43294,11,13,34,43,3,17
32331,12,27,34,30,6,35
35785,11,13,34,28,2,35
34956,11,43,34,26,39,35
36427,11,15,34,4,30,35
39584,10,15,34,43,3,35
38927,10,15,34,28,26,1
40823,9,39,34,4,26,1
39373,10,24,34,10,39,1
42359,9,39,34,4,21,1
32106,12,36,34,11,30,1
39157,10,15,34,39,43,1
42715,11,4,34,13,3,1
40507,10,2,34,16,37,26
32963,12,4,34,3,14,41
42875,9,4,34,1,39,28
32334,12,39,34,3,4,28
43178,10,37,34,1,20,28
38179,10,39,34,4,3,28
42197,9,2,34,43,20,12
40477,10,20,34,40,21,27
33137,12,1,34,16,6,39
41257,9,10,34,3,39,21
39582,10,35,34,28,27,31
41230,9,31,34,27,14,22
41254,9,20,34,39,3,22
37784,12,9,34,41,6,30
42357,9,39,34,26,1,4
39756,10,12,34,16,29,33
39756,10,12,34,16,29,33
32415,12,1,34,39,15,43
42157,9,21,34,39,12,43
38482,10,15,34,7,2,0
36628,11,15,34,4,30,0
32415,12,1,34,0,0,0
42159,9,39,34,0,0,0
37176,12,16,34,0,0,0
38453,10,15,6,0,0,0
40915,9,28,6,30,39,34
41478,9,28,6,30,39,34
36184,11,13,6,12,36,34
40190,10,34,6,28,41,37
38555,10,2,6,41,32,37
42627,10,9,6,18,32,17
42617,9,9,6,8,25,17
42625,9,25,6,31,30,17
32631,12,26,6,25,35,15
42207,9,10,6,26,19,15
33105,12,43,6,14,22,15
42064,9,34,6,14,15,35
42290,9,34,6,14,15,35
38863,10,34,6,1,28,35
39468,10,15,6,26,39,35
39332,10,4,6,25,38,35
37365,12,13,6,1,4,35
39120,10,41,6,30,9,1
42364,9,16,6,39,38,1
35075,11,16,6,12,3,1
40789,9,16,6,36,41,26
32994,12,9,6,20,15,41
39347,10,27,6,30,28,41
39202,10,17,6,33,28,41
38438,9,15,6,31,25,41
39124,10,24,6,25,17,32
35199,11,31,6,19,35,32
39597,10,39,6,1,13,28
43174,9,22,6,39,17,28
42006,9,35,6,31,9,28
32630,12,29,6,24,25,28
38509,10,26,6,34,15,12
39232,10,32,6,39,28,19
32268,12,10,6,26,32,39
43491,9,4,6,36,11,39
40754,9,34,6,7,30,39
42493,9,34,6,7,30,39
38097,10,4,6,34,3,39
36051,11,12,6,33,28,9
32260,12,20,6,14,39,44
39636,10,32,6,34,17,5
41631,9,34,6,17,30,5
42139,9,20,6,39,29,22
39079,10,39,6,1,13,30
34231,12,16,6,13,35,30
34820,11,4,6,3,26,30
40348,10,16,6,9,41,30
43155,9,34,6,7,39,30
42205,9,27,6,2,22,30
43392,9,39,6,1,4,30
42958,9,39,6,1,4,30
35753,11,3,6,39,20,30
40087,10,20,6,1,26,4
41351,9,41,6,3,32,4
32290,12,44,6,39,41,20
38932,10,7,6,22,41,20
33831,12,34,6,3,4,20
34339,12,2,6,15,44,33
40748,9,39,6,34,35,43
43170,9,39,6,34,35,43
42617,9,9,6,8,25,3
40029,11,1,6,3,17,0
42100,9,20,6,24,25,0
35670,11,39,6,25,44,0
39438,10,13,6,34,0,0
31955,12,15,6,13,0,0
33031,12,43,13,39,15,6
40337,11,43,13,34,23,6
36755,12,7,13,43,16,2
35261,11,34,13,26,1,15
32945,12,43,13,39,35,1
32945,12,43,13,39,35,1
32896,12,43,13,39,35,1
34637,12,2,13,34,15,26
43416,11,39,13,29,4,26
32999,12,34,13,15,43,26
43539,9,43,13,21,33,41
34974,11,39,13,30,27,32
34949,11,2,13,21,16,28
35399,11,43,13,29,19,12
38099,10,38,13,42,32,27
38099,10,38,13,42,32,27
38099,10,38,13,42,32,27
43574,11,34,13,15,7,39
37114,11,18,13,15,43,39
32590,12,5,13,17,14,21
32590,12,5,13,17,21,9
34843,11,15,13,12,16,11
37216,11,43,13,12,16,11
40350,12,43,13,19,11,14
34863,11,34,13,32,6,4
32550,12,23,13,43,39,20
37285,11,15,13,4,31,20
34816,11,34,13,28,35,43
35246,11,39,13,4,19,43
32115,12,23,13,1,39,43
32066,12,23,13,1,39,43
37339,11,7,13,1,35,0
34930,11,43,13,34,41,0
35621,11,2,13,43,39,0
36727,12,34,13,6,0,0
34746,11,34,13,28,0,0
32366,12,6,13,0,0,0
37793,11,33,13,0,0,0
37229,11,40,24,30,44,41
34975,11,9,24,27,32,31
39469,10,37,29,16,33,13
40110,11,19,29,33,44,37
31902,12,30,29,35,34,40
35483,11,15,29,34,28,26
42092,9,12,29,20,36,26
42165,9,4,29,20,30,7
34767,11,15,29,37,34,12
43057,9,14,29,44,6,39
35411,11,2,29,14,17,39
36094,11,16,29,18,20,39
36094,11,16,29,18,20,39
41412,9,30,29,20,6,25
37434,12,35,29,9,42,44
39522,10,43,29,36,6,30
34761,11,14,29,12,39,30
36255,11,14,29,16,39,30
42380,9,14,29,25,9,30
43593,10,39,29,14,44,4
36505,11,26,29,35,27,42
34121,12,14,29,1,2,20
36084,11,36,29,44,26,3
37226,11,28,37,5,3,34
41329,9,28,37,25,17,6
39547,10,34,37,23,39,15
38890,10,7,37,12,16,1
31984,12,10,37,26,13,28
33112,12,28,37,34,13,31
34804,11,12,37,35,1,9
87321,12,39,37,11,43,9
31987,12,13,37,29,15,44
31985,12,29,37,30,13,14
43105,9,15,37,26,4,20
34831,11,4,37,43,2,16
36179,11,13,37,28,34,36
41515,9,11,37,39,2,43
35320,11,28,37,5,34,3
42640,9,39,37,6,15,0
40152,10,7,37,34,5,0
42376,9,44,37,39,14,0
42373,9,8,37,0,0,0
34936,11,34,2,17,39,21
39942,10,12,2,43,6,34
34936,11,34,2,35,21,17
40741,9,6,2,10,19,15
39599,10,15,2,12,1,35
39615,10,34,2,11,15,1
39615,10,34,2,11,15,1
39734,10,43,2,13,39,26
32523,12,43,2,15,21,41
35243,11,33,2,34,13,7
34818,11,34,2,15,13,27
40082,10,17,2,30,34,39
39670,10,16,2,26,6,39
39670,10,16,2,26,6,39
40543,11,16,2,12,1,39
41989,9,12,2,34,35,23
43180,9,34,2,15,39,30
39117,10,1,2,33,34,4
40808,9,44,2,1,15,20
32634,12,15,2,29,4,20
42616,9,43,2,30,17,16
40243,11,34,2,35,23,16
35686,11,34,2,30,27,33
39735,10,10,2,0,0,0
33802,12,6,17,43,26,15
42080,9,6,17,25,39,15
41703,12,25,17,6,41,35
32576,12,34,17,25,35,1
39383,10,30,17,16,7,41
35107,11,10,17,13,15,28
42330,9,29,17,14,8,19
43062,11,6,17,23,30,19
38552,10,44,17,30,14,19
42374,9,21,17,18,8,9
43497,9,8,17,44,15,25
39780,10,40,17,41,43,11
39401,10,41,17,39,6,14
39149,10,39,17,6,12,20
33088,12,43,17,23,13,16
34904,11,1,17,21,31,16
34766,11,5,17,38,18,16
43294,11,13,17,6,34,3
40246,10,30,17,8,0,0
39805,10,16,15,33,34,3
40070,10,34,15,26,35,0
32008,12,32,15,21,41,34
39730,10,28,15,34,25,6
34897,11,16,15,39,28,13
32949,12,1,15,42,11,13
34815,11,2,15,34,27,37
42318,9,44,15,43,39,37
32016,12,2,15,28,16,37
42388,9,39,15,29,8,40
41794,10,34,15,6,3,35
42093,9,26,15,39,6,1
43152,11,13,15,35,27,1
39174,10,11,15,21,39,1
38666,10,42,15,4,21,1
42211,9,4,15,26,3,1
40068,10,12,15,29,34,26
39869,10,34,15,28,30,26
42059,9,36,15,13,33,41
38186,10,34,15,26,39,7
36754,11,19,15,23,39,7
34918,11,3,15,13,28,32
42041,9,34,15,16,37,28
39525,10,34,15,32,24,12
31924,12,13,15,43,28,12
38448,10,2,15,27,16,12
38448,10,2,15,27,16,12
43142,9,39,15,29,44,19
42372,9,3,15,37,6,27
34753,11,35,15,34,13,39
43551,9,29,15,16,41,39
42355,9,24,15,6,25,39
43524,10,43,15,6,20,39
38183,10,17,15,6,28,31
32552,12,13,15,1,34,9
38995,10,34,15,8,21,9
42194,9,37,15,39,38,44
43460,9,21,15,9,24,8
33776,12,35,15,6,2,8
36810,11,41,15,25,11,23
36039,11,4,15,22,12,11
42338,9,34,15,35,39,22
37603,11,16,15,39,28,30
39733,10,17,15,3,20,30
32538,12,35,15,6,19,4
39080,10,2,15,27,23,16
36519,11,2,15,13,23,33
32472,12,2,15,13,34,43
41952,9,20,15,12,21,43
35056,11,32,15,13,5,43
39921,10,34,15,43,0,0
36786,12,30,15,29,6,0
39116,10,37,15,27,24,0
41981,9,1,15,11,10,0
43489,9,43,40,30,17,6
34916,11,4,40,30,39,28
38391,10,1,40,16,37,44
38128,10,2,40,27,0,0
33019,12,2,35,6,43,30
41204,9,15,35,21,3,34
39775,10,43,35,25,39,6
38094,10,25,35,17,22,6
38267,10,15,35,2,6,24
39516,10,4,35,15,26,24
42825,9,25,35,18,17,29
39677,10,28,35,15,39,29
38753,10,37,35,18,14,29
32764,12,1,35,20,30,17
32899,12,2,35,21,4,15
41332,9,28,35,37,6,26
40987,9,39,35,30,4,26
42309,9,39,35,30,4,26
37864,10,8,35,31,18,32
32930,12,1,35,20,30,12
42606,9,39,35,3,14,12
43084,9,20,35,30,16,12
35924,11,13,35,4,3,19
42615,9,1,35,5,34,27
33148,12,30,35,44,1,39
34092,12,9,35,30,41,39
40442,11,38,35,13,12,39
36861,11,4,35,1,43,39
42365,9,3,35,15,4,21
34927,11,27,35,18,21,44
34855,11,27,35,18,21,44
39121,10,33,35,23,21,44
37124,11,13,35,2,14,44
39608,10,41,35,1,34,18
37206,12,14,35,17,23,22
40007,10,44,35,29,32,14
32090,12,39,35,30,1,20
32090,12,39,35,1,30,20
42916,9,4,35,34,33,20
40089,10,28,35,9,17,16
32608,12,1,35,11,30,16
31961,12,1,35,20,30,16
32276,12,1,35,20,30,16
42606,9,39,35,1,26,3
42606,9,39,35,1,26,3
34047,12,15,35,34,2,0
43529,11,10,35,19,32,0
43239,9,39,35,9,0,0
43261,9,15,35,0,0,0
42287,9,15,35,0,0,0
39617,10,29,1,34,3,14
38164,10,16,1,39,0,0
32025,12,39,1,4,26,34
32025,12,39,1,12,4,34
35180,11,15,1,43,13,6
41327,9,39,1,23,12,6
43106,11,35,1,30,39,6
42122,9,39,1,23,16,6
42296,9,41,1,22,3,6
38104,10,7,1,6,9,29
40791,9,36,1,26,34,15
32130,12,35,1,4,17,15
31991,12,35,1,4,17,15
42003,9,4,1,39,26,15
41944,9,43,1,3,26,15
39105,10,34,1,35,39,15
41245,9,39,1,34,4,15
41071,9,41,1,3,4,15
39983,10,2,1,35,15,40
39463,10,30,1,14,29,35
39570,10,4,1,26,39,35
32688,12,30,1,14,23,35
34491,12,14,1,20,22,35
31983,12,43,1,15,42,26
33877,12,39,1,6,43,26
38164,10,16,1,3,39,41
39479,10,9,1,30,5,41
34824,11,4,1,26,43,41
32209,12,15,1,3,43,41
40930,12,26,1,10,8,7
35611,11,12,1,21,30,7
33727,12,16,1,39,30,32
34259,12,14,1,37,43,32
38655,10,39,1,34,4,28
34932,9,13,1,38,2,12
40720,9,23,1,16,41,12
39586,10,4,1,16,3,12
32029,12,43,1,26,12,19
33138,12,16,1,11,14,19
42132,9,30,1,7,16,27
36972,11,3,1,38,34,39
35623,11,4,1,41,26,39
42233,9,30,1,35,21,39
33146,12,30,1,14,11,39
33077,12,30,1,14,11,39
42145,9,16,1,30,4,39
39732,10,28,1,34,26,21
42678,9,6,1,4,12,21
42693,9,24,1,42,9,21
41582,9,3,1,26,4,21
43195,9,6,1,4,16,21
42607,9,39,1,30,26,9
37708,10,2,1,28,6,10
38110,10,2,1,28,6,10
40841,9,43,1,26,15,10
38809,10,16,1,12,37,25
41557,9,39,1,15,34,44
32639,12,30,1,35,17,44
32348,12,20,1,39,15,44
43443,9,20,1,30,39,44
37829,10,16,1,4,41,5
40797,9,39,1,21,32,22
38993,10,16,1,3,36,22
40762,9,22,1,28,15,30
32641,12,23,1,7,32,30
42540,10,16,1,23,39,30
37681,12,42,1,39,20,30
39368,10,7,1,15,3,30
35339,11,4,1,44,3,30
38923,10,2,1,41,28,4
34105,12,3,1,26,39,4
42126,9,12,1,39,11,4
39601,10,4,1,5,25,42
39233,10,16,1,39,12,20
32592,12,20,1,39,12,16
42205,9,39,1,35,20,16
42156,9,38,1,39,34,33
43603,9,38,1,39,34,33
43412,9,38,1,39,34,33
42412,9,4,1,30,39,36
34290,12,13,1,30,35,43
43606,10,9,1,20,30,3
36067,11,4,1,39,20,3
37135,11,4,1,39,20,3
34867,11,32,1,30,20,3
34914,11,4,1,13,43,3
32993,12,20,1,35,13,0
38382,10,16,1,7,2,0
31992,12,34,1,41,15,0
40035,10,16,1,15,12,0
33106,12,23,1,30,39,0
35049,11,24,1,20,39,0
34399,12,34,1,26,44,0
33065,12,16,1,17,30,0
35213,11,12,1,16,14,0
38923,10,2,1,28,4,0
40192,11,27,1,15,42,0
42545,9,12,1,21,0,0
32832,12,34,1,0,0,0
38308,10,12,1,0,0,0
32132,12,34,26,15,43,2
38883,10,12,26,41,2,34
42120,9,3,26,12,1,34
42345,9,6,26,39,1,34
34902,11,39,26,4,1,34
39692,10,15,26,43,39,34
40914,9,39,26,30,4,6
37192,11,28,26,34,6,13
32865,12,30,26,42,35,13
36910,11,37,26,39,28,13
39563,10,4,26,9,6,2
42346,9,6,26,39,1,15
40740,9,34,26,16,1,15
41328,9,39,26,1,22,15
43315,9,39,26,1,22,15
43313,9,39,26,1,22,15
40988,9,28,26,6,39,35
34774,11,2,26,39,34,1
40053,11,29,26,4,34,1
41643,9,39,26,4,41,1
40806,9,7,26,22,4,1
41642,9,6,26,39,3,1
40925,9,43,26,20,3,1
40719,9,43,26,20,3,1
38132,10,15,26,1,34,41
38826,10,12,26,37,2,41
41562,9,12,26,28,39,41
39545,10,28,26,34,4,12
31986,12,39,26,15,4,12
41446,9,1,26,39,20,12
42515,12,1,26,44,16,12
40839,9,20,26,10,6,27
41915,9,36,26,15,34,39
43364,10,34,26,21,11,39
42546,9,2,26,1,4,39
42920,9,1,26,6,20,39
40011,10,4,26,6,20,39
40745,9,30,26,7,20,39
38940,10,39,26,28,4,21
38174,10,15,26,4,39,9
34789,11,43,26,13,27,10
42917,9,24,26,20,6,25
40772,9,4,26,44,1,25
38990,10,15,26,41,4,25
32119,12,35,26,1,15,44
37245,11,39,26,30,41,44
32061,12,15,26,34,4,30
39865,10,16,26,6,43,30
34812,11,15,26,6,3,30
40070,10,28,26,33,34,14
40070,10,28,26,33,34,14
41336,9,20,26,14,1,4
35076,11,39,26,43,30,4
35734,11,24,26,15,20,4
38651,10,6,26,34,16,4
42004,9,9,26,30,1,16
32382,12,21,26,16,34,33
42855,9,39,26,7,42,43
39894,10,34,26,42,33,43
38791,10,4,26,18,6,3
35211,11,1,26,15,13,3
39445,10,39,26,40,10,3
42182,9,4,26,1,0,0
41783,10,43,26,0,0,0
41990,9,30,41,21,29,6
33729,12,32,41,30,4,6
35117,11,9,41,36,42,6
32088,12,30,41,19,28,13
34947,11,9,41,6,30,13
42604,9,1,41,0,40,29
40880,9,15,41,17,30,37
40284,10,40,41,30,16,17
32909,12,16,41,6,12,1
40744,9,6,41,28,4,1
43266,12,32,41,35,17,28
35085,11,6,41,29,9,12
40784,9,39,41,20,14,12
38116,10,6,41,3,28,39
39046,10,16,41,4,3,39
43187,9,29,41,28,1,10
39665,11,6,41,10,27,44
39076,10,40,41,17,31,5
39600,10,28,41,39,30,11
40280,10,28,41,39,30,11
40280,10,28,41,39,30,11
39127,10,11,41,3,1,30
37436,11,16,41,9,25,30
39351,10,9,41,17,14,30
32944,12,30,41,3,17,16
39946,10,32,41,42,1,16
35270,11,6,41,29,9,16
38747,10,26,41,21,15,33
43475,12,9,41,17,30,3
38620,10,15,41,26,19,0
42341,9,6,41,32,0,0
42341,9,6,41,32,0,0
40611,12,1,7,33,28,34
42292,9,15,7,43,21,34
33131,12,34,7,12,23,29
40538,11,3,7,27,40,2
39605,10,30,7,6,11,40
38123,10,12,7,16,6,41
40072,10,1,7,3,23,41
40072,10,1,7,3,23,41
43197,11,9,7,30,33,12
42985,11,16,7,44,13,39
35778,11,4,7,26,15,39
39458,10,4,7,26,15,39
37367,11,4,7,27,6,10
35148,11,4,7,27,6,10
35759,11,16,7,13,1,25
38825,10,4,7,15,9,25
32411,12,30,7,1,6,44
39224,10,15,7,43,2,23
34773,11,16,7,23,17,33
42360,9,39,7,29,30,33
42619,9,23,7,33,36,43
43050,9,6,7,30,17,0
32473,12,1,7,28,35,0
35667,11,3,7,26,28,0
35667,11,3,7,26,39,0
39766,10,30,7,39,16,0
12345,9,28,32,41,7,26
38099,10,27,32,34,13,17
42186,9,31,32,39,38,17
43539,10,43,32,28,6,35
32122,12,6,32,41,30,35
36783,11,1,32,36,0,7
39573,9,3,32,33,36,7
40173,10,10,32,20,29,28
42314,9,33,32,36,19,12
39568,10,39,32,1,16,12
36839,11,25,32,43,31,27
34827,11,25,32,43,31,27
33081,12,6,32,41,24,39
32530,9,19,32,25,24,39
42312,9,35,32,28,6,31
40793,9,39,32,1,26,25
38103,10,34,32,43,13,38
43427,10,27,32,22,34,3
32028,12,39,32,30,15,0
35198,11,19,32,4,39,0
39535,10,15,28,30,25,34
41590,9,34,28,41,37,29
35428,11,39,28,38,30,35
39467,10,39,28,2,15,1
38997,10,34,28,26,15,1
43474,10,20,28,34,39,7
41641,9,1,28,34,2,12
35813,11,10,28,18,35,21
33083,12,4,28,16,12,18
40885,9,6,28,4,3,5
43058,10,34,28,6,27,23
41746,9,21,28,39,1,30
43001,11,3,28,15,34,4
34798,11,1,28,11,6,4
39503,10,12,28,21,15,20
38924,10,12,28,21,15,20
32998,12,34,28,39,5,20
43119,9,34,28,39,16,20
42772,9,36,28,11,12,16
42304,9,33,28,13,39,3
39100,10,34,28,4,39,0
32607,12,35,28,12,0,0
39422,10,4,28,0,0,0
40743,9,39,12,34,15,6
42891,11,30,12,17,28,6
35129,11,35,12,16,28,6
40413,11,32,12,8,39,6
39246,12,16,12,1,36,6
36950,11,1,12,11,16,13
37213,11,26,12,6,25,24
33074,12,13,12,39,19,37
32049,12,16,12,44,14,37
42061,9,25,12,14,9,17
33918,12,3,12,35,2,15
42653,9,33,12,44,7,40
32659,12,2,12,16,13,1
39625,10,6,12,14,26,1
39625,10,6,12,14,21,1
42141,9,14,12,15,30,26
34798,11,3,12,4,1,7
41983,9,1,12,39,41,28
40984,9,36,12,4,27,19
42266,9,16,12,30,20,27
35195,11,2,12,43,42,39
40817,9,16,12,30,20,39
39540,10,39,12,34,11,9
40353,12,16,12,39,10,44
38145,10,20,12,18,14,44
42650,10,11,12,21,36,44
35624,11,16,12,19,43,44
42736,9,39,12,16,41,5
32502,12,16,12,1,36,11
32448,12,16,12,1,36,11
41361,9,16,12,21,1,30
41244,9,14,12,17,31,30
35488,11,1,12,16,11,30
43384,9,43,12,16,31,14
40736,9,32,12,19,15,4
40760,9,37,12,5,32,4
39334,10,16,12,1,20,4
42057,9,11,12,39,21,42
39992,10,16,12,39,30,20
33075,12,25,12,28,32,16
40893,9,15,12,3,31,16
33443,12,44,12,1,23,16
38168,10,11,12,39,14,16
37088,12,16,12,15,34,43
38541,10,4,12,30,6,43
37404,11,7,12,34,22,43
42128,9,16,12,30,1,3
32009,12,16,12,34,6,0
39060,10,25,12,16,41,0
32971,12,7,12,16,23,0
38875,10,16,12,39,3,0
32908,12,2,12,6,0,0
39887,10,15,12,0,0,0
39529,10,1,12,0,0,0
34822,11,16,12,0,0,0
32685,12,33,12,0,0,0
39447,10,14,19,35,23,29
39243,10,30,19,14,35,17
43374,11,24,19,10,1,35
39526,10,35,19,28,29,41
31904,12,29,19,26,39,9
35674,11,29,19,1,23,11
39111,10,16,19,23,1,14
34862,11,23,19,35,39,16
37874,11,2,19,44,43,16
34785,11,16,19,12,29,36
38443,10,20,19,40,35,0
32579,12,2,19,35,39,0
35157,11,4,19,10,39,0
43269,10,29,19,0,0,0
40120,11,10,27,22,2,6
36938,11,4,27,3,22,6
40549,11,22,27,26,1,40
36428,11,4,27,16,26,1
35114,11,15,27,9,30,25
35228,11,10,27,35,24,22
32988,12,6,27,39,24,4
38169,10,10,27,12,1,16
42119,9,34,27,23,28,33
41225,9,34,27,23,28,33
39534,10,35,27,38,30,0
39080,10,2,27,0,0,0
38648,10,15,27,0,0,0
34869,11,12,27,0,0,0
38096,10,36,39,15,37,35
39795,10,36,39,12,29,1
38164,10,16,39,1,30,4
42335,9,25,39,30,6,34
35248,11,15,39,12,13,34
35151,11,10,39,6,24,34
35281,11,10,39,6,24,34
43348,9,4,39,26,27,34
42612,9,15,39,35,4,34
35269,11,7,39,29,16,13
38761,10,6,39,1,41,24
34693,12,10,39,26,41,29
32265,12,34,39,3,19,29
42221,9,10,39,14,25,29
34795,11,20,39,30,16,29
41974,9,11,39,12,6,2
42624,9,15,39,34,35,2
42658,9,15,39,34,35,2
42673,9,15,39,34,35,2
43105,9,15,39,34,35,2
38736,10,44,39,26,21,2
43004,9,34,39,41,1,17
42307,9,16,39,7,12,17
37304,11,35,39,30,10,17
41640,9,44,39,20,10,17
43324,10,35,39,9,6,15
42149,9,4,39,1,24,15
35154,11,4,39,1,21,15
42102,9,30,39,29,25,15
32578,12,1,39,30,20,15
33097,12,1,39,30,20,15
40774,9,23,39,30,1,35
43126,9,3,39,1,26,35
41962,9,3,39,1,26,35
39328,10,44,39,14,9,35
42200,9,10,39,2,30,35
39452,10,1,39,3,30,35
43196,10,44,39,41,14,35
40827,9,4,39,30,6,1
42956,9,34,39,8,13,1
32282,12,33,39,23,13,1
40154,10,9,39,41,17,1
43254,11,35,39,15,41,1
41315,9,30,39,10,41,1
38335,10,16,39,26,12,1
39575,10,34,39,35,27,1
34809,11,20,39,28,44,1
34117,12,34,39,28,38,1
34764,11,34,39,28,38,1
41564,9,10,39,34,4,1
35079,11,34,39,13,43,1
32711,12,20,39,14,43,1
39539,10,1,39,13,34,26
40935,9,10,39,34,30,26
38170,10,32,39,2,30,26
42375,9,1,39,43,33,26
35124,11,4,39,13,6,41
32913,12,26,39,12,6,41
42203,9,4,39,5,1,41
42921,9,44,39,30,1,41
32750,12,26,39,20,1,41
36477,11,11,39,16,19,41
42514,9,30,39,44,21,41
42521,9,16,39,23,30,41
42390,9,35,39,26,3,41
39739,11,35,39,22,8,7
42392,9,44,39,33,16,7
40929,9,20,39,44,33,7
39374,10,34,39,26,6,28
37097,12,35,39,6,13,28
36642,11,12,39,21,1,28
38116,10,6,39,1,41,28
38102,10,30,39,35,6,12
41316,9,4,39,30,6,12
38856,10,16,39,20,28,12
38240,10,16,39,41,11,12
32172,12,16,39,26,30,12
32647,12,16,39,26,30,12
42680,9,11,39,10,36,12
35360,11,44,39,30,14,19
33125,12,3,39,30,4,19
38869,10,44,39,30,1,27
35497,11,12,39,11,13,21
40983,9,30,39,6,35,21
39100,10,34,39,28,4,21
33150,12,10,39,5,33,31
41522,9,30,39,8,1,9
38805,10,30,39,41,25,9
41558,9,27,39,6,22,9
43168,9,20,39,8,6,10
32829,12,7,39,44,35,10
39738,10,43,39,6,15,25
42351,9,34,39,15,31,25
43365,9,44,39,14,4,25
34813,11,1,39,20,13,44
39598,10,4,39,23,12,44
43070,9,15,39,41,21,44
37167,11,34,39,13,21,8
43246,9,1,39,32,18,8
42553,9,11,39,30,35,23
41925,11,1,39,16,20,23
35133,11,1,39,16,20,23
34826,11,1,39,16,20,23
42992,12,16,39,12,30,11
42338,9,34,39,26,15,22
43488,9,20,39,44,38,22
39628,10,16,39,12,4,22
39583,10,2,39,23,20,22
43000,9,26,39,3,1,30
41589,9,26,39,3,4,30
38615,10,12,39,41,16,30
35024,11,2,39,20,34,14
32386,12,36,39,17,30,14
41565,9,20,39,22,15,4
34633,12,3,39,1,26,4
32794,12,3,39,1,26,4
42370,9,12,39,1,11,4
39426,10,2,39,23,33,4
43527,9,2,39,15,3,4
43588,10,6,39,30,27,20
34948,11,3,39,4,44,20
42286,9,4,39,30,6,16
32602,12,1,39,20,40,16
42357,9,43,39,1,26,16
40819,9,4,39,26,12,16
42395,9,10,39,2,20,16
36963,12,26,39,25,34,33
42207,9,4,39,6,34,43
42813,9,15,39,10,21,43
42072,9,16,39,1,44,43
32282,12,1,39,13,23,43
32030,12,15,39,34,42,43
35475,11,15,39,22,2,3
33734,12,16,39,30,15,3
39505,10,4,39,26,1,3
39376,10,16,39,1,21,3
34935,10,20,39,23,4,3
39628,10,12,39,16,4,3
38101,10,1,39,30,24,0
39612,10,10,39,1,40,0
41226,9,20,39,44,26,0
39378,10,16,39,30,12,0
35146,11,4,39,16,12,0
35557,11,26,39,34,21,0
39610,10,1,39,30,9,0
42274,9,30,39,36,44,0
42614,11,16,39,27,22,0
42387,9,3,39,41,30,0
41974,9,11,39,0,0,0
32584,12,4,39,0,0,0
39766,10,16,39,0,0,0
39446,10,43,39,0,0,0
34027,12,1,21,9,26,41
31919,12,1,21,9,26,41
42226,9,6,21,23,9,41
43176,9,6,21,15,16,28
37036,11,10,21,6,25,30
42209,9,16,21,43,44,20
41873,9,39,21,30,12,16
42237,9,39,21,30,12,16
43101,10,12,21,18,43,36
39895,10,10,21,18,26,0
32382,12,22,21,34,33,0
43080,10,17,31,30,9,15
34836,11,5,31,2,43,6
41333,9,4,31,29,35,17
31937,12,2,31,11,27,40
39857,10,28,31,6,3,35
34035,12,5,31,6,37,39
39442,10,4,31,32,39,23
39162,9,32,31,6,0,0
35419,11,3,9,28,26,6
40931,9,30,9,34,39,6
41999,9,32,9,38,31,6
40229,10,30,9,6,39,15
35617,11,41,9,30,35,1
43433,11,12,9,16,1,41
37095,11,17,9,6,30,41
41854,11,17,9,6,30,41
35018,11,27,9,6,38,32
32709,12,12,9,1,7,39
35274,11,35,9,30,17,44
41635,9,24,9,41,1,14
43543,11,41,9,22,36,4
41312,9,4,9,1,22,33
35240,11,12,9,30,32,0
42336,9,39,9,30,0,0
39023,10,34,9,0,0,0
42291,9,3,9,0,0,0
42689,9,39,10,3,6,34
39994,12,24,10,16,41,6
36811,11,39,10,4,20,2
36811,11,39,10,4,20,2
42040,9,3,10,26,20,35
42235,9,43,10,39,8,12
42254,9,3,10,28,39,27
35755,11,19,10,16,34,39
38403,10,17,10,44,35,39
37456,11,4,10,15,33,21
42368,9,20,10,16,39,22
42298,9,3,10,26,12,0
40805,9,28,25,30,24,6
39077,10,15,25,34,26,40
43327,9,36,25,7,44,35
42246,9,43,25,39,35,1
39484,10,44,25,17,30,41
42256,9,30,25,44,6,7
34917,11,30,25,27,35,39
42384,9,6,25,44,4,39
43102,9,6,25,20,0,44
32037,12,10,25,32,39,18
34793,11,6,25,19,31,23
33883,12,39,25,24,28,11
32733,12,6,25,35,30,11
35214,11,22,25,14,39,4
39345,10,43,25,35,30,42
39926,10,17,25,14,12,16
42302,9,30,25,44,6,33
39615,10,34,25,35,11,33
34967,11,13,25,41,17,43
39577,10,39,25,34,26,0
38160,10,4,44,3,15,39
37440,11,39,44,11,4,6
34910,11,15,44,43,4,6
33104,12,36,44,26,19,29
42299,9,1,44,23,39,29
41239,9,37,44,30,18,29
33862,12,14,44,19,39,17
41704,10,7,44,34,1,15
43188,11,12,44,39,30,35
42007,9,41,44,39,30,1
42613,9,39,44,26,1,41
34925,11,24,44,22,39,28
34128,12,28,44,39,10,12
32891,12,20,44,15,33,12
42188,9,21,44,14,36,12
31335,12,12,44,1,6,39
38751,10,20,44,12,39,9
39144,10,16,44,39,22,10
37222,12,1,44,5,42,10
39890,10,39,44,26,30,25
42152,9,41,44,6,33,25
42503,9,9,44,24,41,11
32818,12,7,44,4,14,22
32376,12,14,44,16,35,30
37106,11,4,44,16,1,30
38263,10,16,44,20,39,30
40909,9,14,44,35,9,30
43402,10,17,44,39,14,30
42724,9,16,44,39,1,14
36812,12,13,44,24,39,14
32595,12,30,44,23,13,4
39864,10,30,44,26,1,4
41320,9,37,44,16,39,42
42025,9,26,44,12,35,20
35025,11,7,44,43,30,16
39532,10,12,44,39,43,16
40800,9,20,44,7,39,33
43337,9,29,44,36,1,43
42184,9,16,44,39,9,43
41950,9,20,44,35,4,43
41331,9,6,44,4,26,3
41605,9,6,44,4,28,3
35203,11,39,44,1,13,0
37513,11,29,44,6,39,0
38284,10,15,44,1,39,0
38893,10,16,44,42,43,0
41597,9,43,18,9,30,13
42061,9,42,18,17,25,29
39557,10,39,18,19,4,5
34942,11,15,18,35,41,20
39729,10,17,18,19,30,43
38133,10,9,18,1,0,0
37099,11,31,8,17,1,35
39888,10,39,8,34,40,1
42650,10,11,8,31,38,1
42528,9,37,8,26,43,28
41985,9,28,8,21,36,12
41985,9,28,8,21,36,12
38765,10,1,8,23,40,19
35357,11,29,8,40,3,39
39578,10,39,8,17,41,9
33084,12,12,8,18,15,0
33084,12,12,8,18,15,0
39924,10,20,8,0,0,0
39924,10,20,8,0,0,0
32528,12,29,5,44,32,13
42915,9,6,5,4,3,39
39690,10,22,5,23,9,11
35320,11,28,5,37,34,3
40609,12,6,5,25,13,3
39604,10,4,5,22,2,0
35655,11,15,23,33,32,6
33079,12,12,23,16,1,29
41934,9,11,23,13,39,7
43592,12,4,23,20,16,12
35620,11,15,23,28,13,39
43018,12,31,23,33,17,9
43018,12,31,23,17,28,9
32048,12,28,23,13,6,30
35719,11,1,23,15,27,30
38444,10,7,23,43,33,14
42005,9,39,23,7,6,20
40903,9,44,23,39,22,16
34777,11,34,23,39,20,16
38886,10,12,23,30,0,0
34979,11,16,11,23,35,34
36873,11,1,11,12,39,6
40928,9,39,11,30,14,13
42037,9,36,11,43,25,2
40594,11,13,11,4,1,15
39580,10,16,11,12,41,1
34780,11,1,11,3,15,12
37338,11,35,11,1,19,27
42095,9,14,11,19,28,39
41592,9,1,11,12,41,21
32020,12,42,11,23,41,5
31936,12,39,11,1,0,30
39461,10,39,11,43,9,30
40514,12,35,11,30,1,38
41612,9,16,11,15,1,20
32717,12,26,11,16,12,20
32885,12,42,11,34,13,43
38931,10,16,11,23,44,43
32677,12,39,11,1,30,3
33090,12,7,11,0,0,0
41223,9,33,11,15,0,0
35233,11,10,22,27,12,1
43549,10,20,22,4,2,27
40226,10,20,22,35,12,8
39417,10,28,22,1,34,0
39450,10,25,30,41,28,27
41567,9,9,30,25,20,5
39483,10,28,30,39,3,0
40935,9,39,30,4,42,34
42349,9,28,30,24,34,6
42082,9,44,30,25,17,6
32269,12,35,30,34,15,6
39414,10,26,30,39,41,6
41645,9,11,30,16,12,6
38311,10,43,30,41,8,6
42091,9,1,30,32,11,6
34417,12,12,30,28,41,37
42611,10,16,30,1,6,17
43490,10,22,30,9,8,40
40960,9,9,30,23,6,35
38816,10,44,30,15,33,35
34837,11,21,30,39,29,1
42618,9,35,30,6,25,1
41525,9,36,30,17,33,1
38204,10,7,30,9,6,41
39537,10,44,30,1,17,41
35358,11,26,30,42,1,41
39980,10,29,30,39,19,41
32959,12,1,30,14,5,41
35267,11,1,30,3,26,28
39585,10,39,30,35,44,28
41306,10,10,30,2,4,28
42953,9,36,30,41,6,12
32526,12,39,30,35,16,12
35748,11,39,30,14,19,27
34807,11,6,30,38,39,27
35138,11,6,30,38,39,27
35704,11,26,30,15,43,27
35245,11,26,30,15,43,27
32529,12,6,30,33,35,39
33008,12,6,30,33,35,39
35040,11,4,30,13,16,39
39672,10,12,30,33,39,21
41207,9,44,30,41,9,21
38344,10,22,30,6,20,31
40003,10,44,30,1,39,9
41420,9,41,30,18,21,9
43593,10,36,30,43,4,9
35118,11,39,30,20,25,44
33046,12,39,30,35,16,44
35141,11,39,30,14,17,8
32270,12,1,30,12,41,8
43149,9,5,30,12,44,11
42814,10,14,30,23,19,22
42814,10,14,30,23,19,22
42814,10,14,30,23,19,22
32505,12,7,30,39,4,22
37687,11,41,30,43,20,14
35506,11,15,30,43,6,38
32887,12,13,30,1,17,38
43238,11,12,30,9,39,38
43047,9,20,30,10,16,4
42038,9,11,30,16,1,20
36272,11,39,30,6,23,20
41568,9,36,30,21,1,16
41346,9,16,30,12,39,36
31996,12,20,30,1,39,3
32266,12,20,30,1,39,3
32720,12,3,30,11,13,0
40078,10,39,30,1,15,0
35987,11,33,30,23,32,0
34333,12,19,30,35,39,0
34519,12,1,30,7,11,0
36718,11,4,30,13,16,0
42795,10,37,30,0,0,0
42255,9,3,30,0,0,0
42877,9,30,14,1,12,6
40502,11,35,14,12,10,6
32655,12,17,14,35,19,29
42376,9,44,14,39,20,29
42196,9,16,14,12,30,17
42652,9,11,14,1,12,35
42383,9,35,14,29,6,26
32604,12,16,14,35,23,41
34769,11,10,14,9,21,27
39459,10,1,14,41,22,21
39457,10,30,14,1,16,9
43314,9,29,14,23,30,18
40933,9,12,14,23,41,8
33035,12,12,14,28,6,30
32024,12,13,14,16,15,30
42608,9,19,14,1,39,30
31953,12,19,14,23,28,4
42371,9,39,14,15,1,33
40878,9,30,14,33,41,3
41794,12,35,14,27,34,0
36956,12,10,38,6,2,1
41661,9,40,38,39,6,41
34895,11,3,38,31,6,27
38905,10,30,38,20,44,39
42729,9,44,38,41,1,30
35264,11,15,38,25,16,30
35229,11,2,38,13,21,43
34801,11,3,4,25,0,0
40578,10,20,4,1,39,6
32974,12,1,4,21,43,6
32782,12,43,4,16,26,13
32911,12,39,4,9,41,24
33074,12,39,4,12,41,37
39020,10,34,4,20,39,37
32440,12,12,4,6,41,2
42626,9,28,4,41,25,17
39462,10,25,4,39,38,35
40087,10,26,4,20,6,1
35761,11,13,4,6,37,1
35045,11,3,4,43,39,1
38639,10,2,4,39,16,26
40799,9,15,4,44,16,26
32085,12,1,4,23,6,41
38157,10,39,4,23,29,41
43008,9,39,4,26,1,41
42195,9,39,4,26,14,41
43002,9,30,4,12,14,41
39460,10,20,4,6,16,7
32936,12,1,4,6,15,28
40895,9,15,4,34,25,12
34865,11,23,4,3,20,12
40546,10,1,4,16,36,12
32880,12,13,4,28,43,12
34749,11,3,4,9,41,27
40238,11,36,4,26,6,39
40835,9,44,4,20,26,39
33124,12,29,4,24,22,39
43016,9,10,4,22,3,39
31318,9,10,4,6,34,21
41318,9,10,4,34,6,21
40753,9,6,4,30,1,44
48301,9,11,4,30,25,44
42131,9,30,4,24,9,18
34386,12,1,4,6,37,11
35875,11,12,4,6,15,22
39106,10,35,4,39,11,22
36536,11,13,4,16,1,30
43173,9,20,4,16,43,30
40837,9,1,4,12,3,30
34929,11,12,4,29,6,14
42968,9,43,4,39,41,14
39731,10,25,4,39,35,38
43125,9,3,4,26,39,38
41241,9,26,4,22,44,38
32640,12,29,4,43,11,42
41610,9,26,4,39,17,16
42168,9,39,4,9,12,16
40359,11,43,4,13,6,36
34669,12,34,4,1,19,36
41593,9,39,4,15,16,36
38774,10,23,4,25,16,36
33051,12,34,4,1,13,3
37677,11,15,4,27,35,0
39858,10,34,4,2,20,0
39558,10,9,4,19,0,0
38908,10,34,4,0,0,0
38908,10,34,4,0,0,0
39491,10,1,4,0,0,0
39510,10,30,42,9,41,6
41343,9,37,42,4,41,29
32861,12,2,42,13,6,15
35454,11,13,42,34,2,15
39549,10,9,42,37,39,19
39267,12,15,42,26,13,39
34830,11,12,42,44,21,39
42340,9,43,42,34,19,5
32371,12,13,42,2,37,20
42348,9,11,42,16,0,0
34064,12,2,20,16,39,6
32660,12,22,20,28,29,24
43544,10,1,20,30,27,15
39867,10,10,20,43,22,35
41572,9,15,20,7,30,35
43073,9,22,20,21,3,35
35773,11,39,20,31,41,32
35122,11,39,20,6,26,12
32508,12,43,20,3,44,12
42832,9,39,20,30,22,12
38129,10,6,20,39,30,12
35051,11,19,20,39,30,12
40782,9,11,20,22,6,27
39385,10,6,20,34,15,39
38465,10,6,20,34,15,39
38100,10,6,20,15,1,39
42494,9,39,20,4,26,10
40782,9,11,20,6,39,10
32852,12,2,20,13,30,25
34864,11,30,20,39,16,44
35451,11,19,20,44,30,18
33820,12,22,20,13,24,11
35397,11,4,20,26,1,22
34797,11,6,20,39,10,30
39460,10,6,20,12,26,14
35343,11,4,20,22,15,3
41626,10,26,20,9,21,0
42201,9,44,20,39,0,0
32147,12,39,20,21,0,0
31941,12,12,16,39,43,34
37200,11,43,16,34,14,6
41981,9,36,16,11,39,13
34834,11,4,16,6,26,24
42683,9,12,16,39,1,29
32022,12,26,16,39,6,37
42078,9,12,16,39,19,37
42389,9,39,16,33,12,2
34972,11,7,16,1,4,17
34768,11,26,16,1,21,15
38775,10,34,16,6,43,15
39787,10,43,16,13,15,40
35259,11,12,16,20,19,35
40425,10,7,16,2,29,1
33078,12,12,16,20,29,1
39671,10,18,16,32,17,1
32601,12,39,16,23,25,1
31932,12,39,16,23,25,1
38122,10,41,16,17,30,1
36932,11,4,16,9,33,1
36932,11,4,16,9,33,1
37320,11,1,16,41,39,26
42204,9,39,16,21,14,41
36392,11,35,16,14,1,7
41060,9,12,16,30,14,7
34802,11,39,16,9,20,7
32394,12,12,16,43,0,32
32747,12,2,16,25,4,28
39560,10,39,16,12,40,19
42125,9,15,16,1,34,39
36316,11,1,16,34,15,39
34940,11,11,16,30,44,39
43343,9,12,16,32,5,39
35492,11,20,16,12,22,39
43056,11,12,16,19,30,39
42608,9,29,16,19,14,39
38389,10,20,16,4,43,39
39430,10,12,16,19,1,21
39520,10,1,16,30,39,9
37456,11,4,16,30,39,10
32933,12,1,16,12,32,44
42098,9,26,16,12,39,44
35193,11,1,16,14,43,18
35485,11,20,16,12,25,23
35739,11,39,16,44,30,23
39944,10,12,16,4,42,23
35622,11,1,16,12,44,11
35622,11,1,16,12,44,11
32582,12,12,16,1,36,11
35692,11,35,16,12,19,22
41614,9,10,16,37,38,22
39338,10,39,16,1,15,30
39606,10,39,16,1,15,30
36231,11,4,16,20,7,30
85392,10,25,16,44,39,30
40801,9,20,16,39,14,30
38621,10,12,16,1,20,30
38308,10,12,16,1,20,30
39473,10,12,16,29,1,14
35019,11,4,16,6,41,38
35096,11,15,16,8,24,4
38889,10,39,16,30,1,4
34821,11,1,16,39,26,4
36004,11,19,16,13,39,20
32826,12,41,16,6,42,20
36902,11,12,16,30,43,20
33091,12,1,16,29,8,33
38514,10,12,16,7,4,33
31975,12,44,16,39,20,33
34890,11,39,16,34,12,36
41620,9,7,16,11,23,36
38347,10,4,16,30,6,43
34763,12,20,16,1,13,43
39544,10,21,16,28,15,0
40933,11,21,16,20,15,0
39344,10,29,16,21,1,0
36036,11,1,16,35,7,0
39561,10,4,16,12,39,0
40547,11,1,16,23,43,0
39455,10,4,16,41,0,0
41830,10,12,16,7,0,0
35244,11,1,16,39,0,0
36507,11,1,16,11,0,0
32475,12,34,16,0,0,0
31918,12,35,16,0,0,0
32933,12,1,16,0,0,0
35202,11,12,16,0,0,0
32412,12,33,16,0,0,0
39235,10,44,33,39,29,6
32301,12,11,33,12,9,6
32941,12,43,33,17,14,13
37472,11,16,33,20,27,37
37183,11,12,33,43,6,2
38118,10,28,33,16,37,17
33941,12,2,33,12,16,15
35139,11,12,33,19,13,40
35169,11,18,33,44,34,35
40781,9,44,33,20,30,1
34982,11,3,33,34,21,41
32117,12,7,33,17,8,41
37482,11,23,33,14,34,12
40500,11,3,33,4,17,12
34839,11,41,33,27,3,21
43184,12,39,33,29,19,10
42180,9,20,33,7,39,44
42094,9,41,33,42,9,30
35440,11,3,33,28,13,14
34288,12,43,33,17,14,4
38322,10,24,33,20,19,43
34800,11,4,33,36,0,0
39555,10,7,36,11,39,4
42887,9,19,36,20,1,17
34937,11,28,36,39,21,7
34800,11,4,36,33,6,25
39240,9,7,36,11,39,4
42879,9,3,36,42,30,4
42854,9,3,36,42,30,4
39364,10,7,36,11,39,3
41389,9,16,36,8,30,0
40036,10,15,43,35,6,26
42834,9,37,43,18,15,34
32757,12,15,43,39,35,34
41563,9,15,43,3,1,34
42544,9,1,43,15,23,34
42313,9,9,43,6,30,34
41931,9,30,43,44,1,6
35645,11,10,43,13,39,6
42124,9,35,43,33,18,37
34934,11,13,43,3,34,15
37173,11,34,43,13,26,15
41979,9,15,43,44,29,35
39590,10,6,43,25,34,1
39202,10,17,43,33,6,1
38342,10,34,43,20,28,1
42297,9,28,43,3,39,1
40456,10,23,43,1,29,26
38074,10,2,43,39,14,26
35362,11,34,43,12,4,26
40190,10,39,43,6,41,28
38575,10,1,43,6,7,28
40811,9,34,43,28,15,39
37212,11,1,43,15,30,39
34794,11,7,43,14,24,31
35549,11,26,43,39,21,44
41979,9,15,43,14,30,44
43020,12,13,43,39,34,5
41588,9,34,43,35,23,38
42354,9,11,43,15,16,20
32858,12,13,43,12,15,16
39435,10,39,43,41,30,16
34886,11,25,43,31,27,0
38928,10,7,43,12,5,0
42888,9,15,43,0,0,0
40108,10,36,3,14,19,44
32138,12,4,3,12,15,6
41335,9,26,3,4,6,15
33002,12,26,3,15,4,35
33002,12,26,3,15,4,35
42199,9,20,3,41,4,35
39761,10,4,3,40,36,35
42158,9,15,3,39,34,1
43265,9,15,3,39,34,1
42358,9,10,3,26,4,1
34770,11,39,3,34,1,26
43060,11,9,3,1,39,41
40039,10,2,3,29,9,12
43417,10,26,3,34,6,27
39331,10,4,3,26,20,27
39465,10,10,3,41,6,39
38149,10,2,3,26,29,39
35266,11,33,3,4,11,39
42606,9,11,3,1,14,39
39619,11,12,3,4,16,39
41276,9,1,3,7,9,21
32563,12,26,3,27,35,10
42155,9,39,3,34,1,25
42609,9,4,3,24,1,25
41247,9,34,3,35,30,44